<?xml version="1.0" ?>
<!--
Manifest template to demonstrate the proper XML namespace declarations for
SCORM 1.2 manifests.

Provided by Rustici Software - www.scorm.com.
-->
<manifest identifier="colombbus.declick.learn.1" version="1" xsi:schemaLocation="http://www.imsglobal.org/xsd/imscp_v1p1 imscp_v1p1.xsd http://www.adlnet.org/xsd/adlcp_v1p3 adlcp_v1p3.xsd http://www.adlnet.org/xsd/adlseq_v1p3 adlseq_v1p3.xsd http://www.adlnet.org/xsd/adlnav_v1p3 adlnav_v1p3.xsd http://www.imsglobal.org/xsd/imsss imsss_v1p0.xsd">
	<metadata>
		<schema>ADL SCORM</schema>
		<schemaversion>2004 4th Edition</schemaversion>
	</metadata>
	<organizations default="declick2004">
		<organization identifier="declick2004">
			<title>Declick SCORM 2004</title>
			<item identifier="item1" identifierref="resource1" isvisible="true">
				<title>Minuscules</title>
        <adlcp:datafromlms>9</adlcp:datafromlms>
			</item>
			<item identifier="item2" identifierref="resource1" isvisible="true">
				<title>Création</title>
        <adlcp:datafromlms>10</adlcp:datafromlms>
			</item>
      <imsss:sequencing>
        <imsss:controlMode choice="true" choiceExit="false" flow="true"/>
      </imsss:sequencing>
		</organization>
	</organizations>
	<resources>
		<resource identifier="resource1" type="webcontent" adlcp:scormType="sco" href="index.html">
			<file href="index.html" />
			<file href="scorm.js" />
		</resource>
	</resources>
</manifest>
