<?xml version="1.0" ?>
<!--
Manifest template to demonstrate the proper XML namespace declarations for
SCORM 1.2 manifests.

Provided by Rustici Software - www.scorm.com.
-->
<manifest identifier="colombbus.declick.learn" version="1"
	xmlns="http://www.imsproject.org/xsd/imscp_rootv1p1p2"
	xmlns:adlcp="http://www.adlnet.org/xsd/adlcp_rootv1p2"
	xmlns:xsi="http://www.w3.org/2001/XMLSchema-instance" xsi:schemaLocation="http://www.imsproject.org/xsd/imscp_rootv1p1p2 imscp_rootv1p1p2.xsd
                           http://www.imsglobal.org/xsd/imsmd_rootv1p2p1 imsmd_rootv1p2p1.xsd
                           http://www.adlnet.org/xsd/adlcp_rootv1p2 adlcp_rootv1p2.xsd">
	<metadata>
		<schema>ADL SCORM</schema>
		<schemaversion>1.2</schemaversion>
	</metadata>
	<organizations default="declick1.0">
		<organization identifier="declick1.1">

			<title>Bob et Max</title>
			<!-- 			

			<item identifier="item1" identifierref="resource1" isvisible="true">
				<title>activité 1.1</title>
				<adlcp:datafromlms>9</adlcp:datafromlms>

				<item identifier="item2" identifierref="resource1" isvisible="true">
					<title>activité 2.1</title>
					<adlcp:datafromlms>10</adlcp:datafromlms>
				</item>
				

				<item identifier="item3" identifierref="resource1" isvisible="true">
					<title>activité 3.1</title>
					<adlcp:datafromlms>11</adlcp:datafromlms>
				</item>
				

				<item identifier="item4" identifierref="resource1" isvisible="true">
					<title>activité 4.1</title>
					<adlcp:datafromlms>12</adlcp:datafromlms>
				</item>
				
			</item>
			 
 -->

			<item identifier="item2" identifierref="resource1" isvisible="true">
				<title>Bienvenue</title>
				<adlcp:datafromlms>9</adlcp:datafromlms>

				<item identifier="item2-1" identifierref="resource1" isvisible="true">
					<title>Objectifs</title>
					<adlcp:datafromlms>10</adlcp:datafromlms>
				</item>
				
			</item>
			

			<item identifier="item3" identifierref="resource1" isvisible="true">
				<title>Minuscules</title>
				<adlcp:datafromlms>11</adlcp:datafromlms>

				<item identifier="item3-1" identifierref="resource1" isvisible="true">
					<title>Petites et grandes lettres</title>
					<adlcp:datafromlms>12</adlcp:datafromlms>
				</item>
				
				<item identifier="item3-2" identifierref="resource1" isvisible="true">
					<title>Majuscules</title>
					<adlcp:datafromlms>13</adlcp:datafromlms>
				</item>
				
				<item identifier="item3-3" identifierref="resource1" isvisible="true">
					<title>Des signes mathématiques</title>
					<adlcp:datafromlms>14</adlcp:datafromlms>
				</item>
				
				<item identifier="item3-4" identifierref="resource1" isvisible="true">
					<title>La formule</title>
					<adlcp:datafromlms>15</adlcp:datafromlms>
				</item>
				
				<item identifier="item3-5" identifierref="resource1" isvisible="true">
					<title>Point final</title>
					<adlcp:datafromlms>16</adlcp:datafromlms>
				</item>
				
				<item identifier="item3-6" identifierref="resource1" isvisible="true">
					<title>Le point</title>
					<adlcp:datafromlms>17</adlcp:datafromlms>
				</item>
				
			</item>
			

			<item identifier="item4" identifierref="resource1" isvisible="true">
				<title>Création</title>
				<adlcp:datafromlms>18</adlcp:datafromlms>

				<item identifier="item4-1" identifierref="resource1" isvisible="true">
					<title>Le robot est créé !</title>
					<adlcp:datafromlms>19</adlcp:datafromlms>
				</item>
				
				<item identifier="item4-2" identifierref="resource1" isvisible="true">
					<title>En avant...</title>
					<adlcp:datafromlms>20</adlcp:datafromlms>
				</item>
				
				<item identifier="item4-3" identifierref="resource1" isvisible="true">
					<title>...en arrière</title>
					<adlcp:datafromlms>21</adlcp:datafromlms>
				</item>
				
				<item identifier="item4-4" identifierref="resource1" isvisible="true">
					<title>En route vers la sortie</title>
					<adlcp:datafromlms>22</adlcp:datafromlms>
				</item>
				
				<item identifier="item4-5" identifierref="resource1" isvisible="true">
					<title>Descendons</title>
					<adlcp:datafromlms>23</adlcp:datafromlms>
				</item>
				
				<item identifier="item4-6" identifierref="resource1" isvisible="true">
					<title>Des hauts et des bas</title>
					<adlcp:datafromlms>24</adlcp:datafromlms>
				</item>
				
				<item identifier="item4-7" identifierref="resource1" isvisible="true">
					<title>Labyrinthe 1</title>
					<adlcp:datafromlms>25</adlcp:datafromlms>
				</item>
				
				<item identifier="item4-8" identifierref="resource1" isvisible="true">
					<title>Les paramètres</title>
					<adlcp:datafromlms>26</adlcp:datafromlms>
				</item>
				
				<item identifier="item4-9" identifierref="resource1" isvisible="true">
					<title>Labyrinthe 2</title>
					<adlcp:datafromlms>27</adlcp:datafromlms>
				</item>
				
				<item identifier="item4-10" identifierref="resource1" isvisible="true">
					<title>Cases numérotées</title>
					<adlcp:datafromlms>28</adlcp:datafromlms>
				</item>
				
				<item identifier="item4-11" identifierref="resource1" isvisible="true">
					<title>Il tombe !</title>
					<adlcp:datafromlms>29</adlcp:datafromlms>
				</item>
				
			</item>
			

			<item identifier="item5" identifierref="resource1" isvisible="true">

				<title>Un maçon pour aider</title>
				<adlcp:datafromlms>30</adlcp:datafromlms>

				<item identifier="item5-1" identifierref="resource1" isvisible="true">
					<title>La cédille</title>
					<adlcp:datafromlms>31</adlcp:datafromlms>
				</item>
				
				<item identifier="item5-2" identifierref="resource1" isvisible="true">
					<title>Ajoutons un maçon</title>
					<adlcp:datafromlms>32</adlcp:datafromlms>
				</item>
				
				<item identifier="item5-3" identifierref="resource1" isvisible="true">
					<title>Une porte pour entrer</title>
					<adlcp:datafromlms>33</adlcp:datafromlms>
				</item>
				
				<item identifier="item5-4" identifierref="resource1" isvisible="true">
					<title>Un sol pour ne pas tomber</title>
					<adlcp:datafromlms>34</adlcp:datafromlms>
				</item>
				
				<item identifier="item5-5" identifierref="resource1" isvisible="true">
					<title>Première plateforme</title>
					<adlcp:datafromlms>35</adlcp:datafromlms>
				</item>
				
				<item identifier="item5-6" identifierref="resource1" isvisible="true">
					<title>Répéter</title>
					<adlcp:datafromlms>36</adlcp:datafromlms>
				</item>
				
				<item identifier="item5-7" identifierref="resource1" isvisible="true">
					<title>Les accolades</title>
					<adlcp:datafromlms>37</adlcp:datafromlms>
				</item>
				
				<item identifier="item5-8" identifierref="resource1" isvisible="true">
					<title>Deuxième plateforme</title>
					<adlcp:datafromlms>38</adlcp:datafromlms>
				</item>
				
				<item identifier="item5-9" identifierref="resource1" isvisible="true">
					<title>Un escalier</title>
					<adlcp:datafromlms>39</adlcp:datafromlms>
				</item>
				
				<item identifier="item5-10" identifierref="resource1" isvisible="true">
					<title>Un mur</title>
					<adlcp:datafromlms>40</adlcp:datafromlms>
				</item>
				
				<item identifier="item5-11" identifierref="resource1" isvisible="true">
					<title>Des murs</title>
					<adlcp:datafromlms>41</adlcp:datafromlms>
				</item>
				
				<item identifier="item5-12" identifierref="resource1" isvisible="true">
					<title>Plateforme à trous</title>
					<adlcp:datafromlms>42</adlcp:datafromlms>
				</item>
				
				<item identifier="item5-13" identifierref="resource1" isvisible="true">
					<title>Poser une ligne</title>
					<adlcp:datafromlms>43</adlcp:datafromlms>
				</item>
				
				<item identifier="item5-14" identifierref="resource1" isvisible="true">
					<title>Parcours libre</title>
					<adlcp:datafromlms>44</adlcp:datafromlms>
				</item>
				
			</item>
			

			<item identifier="item6" identifierref="resource1" isvisible="true">
				<title>Les guillemets</title>
				<adlcp:datafromlms>45</adlcp:datafromlms>

				<item identifier="item6-1" identifierref="resource1" isvisible="true">
					<title>Une clé</title>
					<adlcp:datafromlms>46</adlcp:datafromlms>
				</item>
				
				<item identifier="item6-2" identifierref="resource1" isvisible="true">
					<title>Une clé pour ouvrir la porte</title>
					<adlcp:datafromlms>47</adlcp:datafromlms>
				</item>
				
				<item identifier="item6-3" identifierref="resource1" isvisible="true">
					<title>Parcours libre</title>
					<adlcp:datafromlms>48</adlcp:datafromlms>
				</item>
				
				<item identifier="item6-4" identifierref="resource1" isvisible="true">
					<title>Des sous !</title>
					<adlcp:datafromlms>49</adlcp:datafromlms>
				</item>
				
				<item identifier="item6-5" identifierref="resource1" isvisible="true">
					<title>Les tests</title>
					<adlcp:datafromlms>50</adlcp:datafromlms>
				</item>
				
				<item identifier="item6-6" identifierref="resource1" isvisible="true">
					<title>Jour, Nuit</title>
					<adlcp:datafromlms>51</adlcp:datafromlms>
				</item>
				
				<item identifier="item6-7" identifierref="resource1" isvisible="true">
					<title>Des sous ! Mais où ?</title>
					<adlcp:datafromlms>52</adlcp:datafromlms>
				</item>
				
				<item identifier="item6-8" identifierref="resource1" isvisible="true">
					<title>Les deux portes</title>
					<adlcp:datafromlms>53</adlcp:datafromlms>
				</item>
				
				<item identifier="item6-9" identifierref="resource1" isvisible="true">
					<title>Vie et poison</title>
					<adlcp:datafromlms>54</adlcp:datafromlms>
				</item>
				
				<item identifier="item6-10" identifierref="resource1" isvisible="true">
					<title>La vie en rouge</title>
					<adlcp:datafromlms>55</adlcp:datafromlms>
				</item>
				
			</item>
			

			<item identifier="item7" identifierref="resource1" isvisible="true">
				<title>Un d pour avancer</title>
				<adlcp:datafromlms>56</adlcp:datafromlms>

				<item identifier="item7-1" identifierref="resource1" isvisible="true">
					<title>Jusqu'à l'infini !</title>
					<adlcp:datafromlms>57</adlcp:datafromlms>
				</item>
				
				<item identifier="item7-2" identifierref="resource1" isvisible="true">
					<title>Aller et retour</title>
					<adlcp:datafromlms>58</adlcp:datafromlms>
				</item>
				
			</item>

		</organization>
	</organizations>

	<resources>
		<resource identifier="resource1" type="webcontent" adlcp:scormtype="sco" href="index.html">
			<file href="index.html" />
			<file href="scorm.js" />
		</resource>
	</resources>
</manifest>
